{
    "weights": {
        "1": [
            -0.9141049721390505,
            0.06847534379352573,
            -0.009034348390696164,
            -0.011131749565536878,
            0.13626594838443293,
            -0.015868599564259653,
            -0.14317649721054912,
            0.9556064950129466,
            -0.276765090353328,
            -0.1191869884505472,
            -0.2471381990379002,
            6.827447314982923,
            -0.9548584654913184,
            -1.1516383523943936,
            -0.9178123940063635,
            0.31760162923867935,
            0.37195338087752233,
            0.944211366718361,
            -0.09252210549879819,
            -0.529173089349869,
            -0.14317649721054912,
            0.07750969218422131,
            -0.11789379547637346,
            0,
            -0.11112373672213975
        ],
        "2": [
            -0.6748397963946657,
            -0.03214866192681024,
            0.09167868003112693,
            -0.09870748718619385,
            -0.09218793021012399,
            -0.09918902200813863,
            0.31964397757735297,
            -0.3376472322286188,
            1.2493896293143316,
            -0.11871301017398492,
            -0.1689051468639581,
            -0.7903674228112131,
            6.869589241439036,
            -0.9509039368923177,
            -0.6825488176949246,
            -0.2820380052500827,
            -0.14055224550732898,
            -0.2521685843615189,
            -0.20797517542277105,
            -0.4427493271242123,
            0.31964397757735297,
            -0.12382734195793701,
            -0.052302832720912046,
            0,
            0.024888478107605666
        ],
        "3": [
            -0.3027203964461492,
            0.2704302865432432,
            0.06136857026065794,
            -0.20373540418965613,
            0.1339378914143787,
            -0.03595737060528439,
            -0.19658186010577874,
            -0.14070680690017243,
            -0.14768310014033936,
            1.1160109447630446,
            -0.16729593327751538,
            -1.0744704532223937,
            -0.9247483591609217,
            7.330120862879846,
            -0.8193767937023972,
            -0.05912986894029048,
            0.20954050635649568,
            -0.21595676713620232,
            -0.21680743120728418,
            -0.2361716753040515,
            -0.19658186010577874,
            0.20906171628258527,
            0.011001437728275927,
            0,
            0.011200949329595396
        ],
        "4": [
            -0.9303235263799756,
            -0.46586632095599523,
            -0.3447493769724831,
            0.06385327606390126,
            -0.1420906729091731,
            -0.03064234970444195,
            -0.016477025379904947,
            -0.32284692978296314,
            -0.15465041903472648,
            -0.20950447858973753,
            1.0400451209795114,
            -0.9540296021503778,
            -0.9086112796426746,
            -1.0420966029269056,
            6.491280274864686,
            0.4416531598372504,
            -0.3689890544874088,
            0.37293696909190044,
            0.9051944882807804,
            -0.5604992647665674,
            -0.016477025379904947,
            -0.12111694398351126,
            -0.12310697552906331,
            0,
            -0.05436792363772125
        ]
    }    
}