{
    "weights": {
        "1": [
            -1.1436047652343988,
            0.06540993055039618,
            -0.00668775080412434,
            0.06439557366875456,
            0.05449270294933228,
            -0.14575927488705268,
            -0.031076860287016565,
            0.9725543502332249,
            -0.3222240080125112,
            -0.16562266528969727,
            -0.21783180439699532,
            6.109462221256475,
            -0.7682941049185142,
            -0.9084310475521633,
            -0.8966967321377045,
            0.3390158259494456,
            0.24424586244790006,
            1.1367094212708404,
            -0.08685155067659153,
            -0.41791445258988563,
            -0.031076860287016565,
            0.07209768135452048,
            -0.01418636722283489,
            -0.3328877871151255,
            -0.035744724409838995
        ],
        "2": [
            -0.8832468613003998,
            0.004405094900006343,
            0.050317176965590744,
            -0.13650181507940504,
            -0.061297226797765676,
            -0.07669273979083864,
            0.4217675610132026,
            -0.23165528821487913,
            0.9915427179913511,
            0.02833810671551386,
            -0.1162035703721942,
            -0.716121761800545,
            6.3960977657687215,
            -0.8965942987114219,
            -0.601013195738549,
            -0.1827159756592045,
            -0.18454031010105634,
            -0.47183236255972144,
            -0.2682059219581176,
            -0.30970663448514135,
            0.4217675610132026,
            -0.045912082065584475,
            -0.03242761357384436,
            0.1557625230982116,
            -0.01218072847508784
        ],
        "3": [
            -0.37359022401570174,
            0.19135595962842122,
            0.048198569226031496,
            -0.14260246737660648,
            0.11192305362499297,
            -0.14624995642005775,
            -0.10420274115377125,
            -0.10976443032923115,
            -0.154543963810021,
            1.0155139917178058,
            -0.11936798571259068,
            -0.818846101505816,
            -0.8622610457381548,
            6.874267487775494,
            -0.6636130260239221,
            -0.024951607420389387,
            0.09863374567498177,
            -0.40938848613704526,
            -0.2127902017067667,
            -0.19669729229535707,
            -0.10420274115377125,
            0.1431573904023902,
            0.05357703208021278,
            0.07532856744141105,
            0.06421803440561304
        ],
        "4": [
            -1.021237945174337,
            -0.4347913391932915,
            -0.22768739752916128,
            0.21071199376844135,
            -0.2713822583531991,
            -0.004544095543915069,
            -0.20845196422556797,
            -0.2844423831341625,
            -0.03134060665660103,
            -0.2731240801360972,
            0.987618013759778,
            -0.915344645611242,
            -0.7192794557211973,
            -0.7743030037443633,
            5.186324009630642,
            0.42303720867517547,
            -0.2243199541768064,
            0.6200524674806872,
            1.211628722063774,
            -0.294984540772684,
            -0.20845196422556797,
            -0.2071039416641301,
            0.0804115088382817,
            -0.21593170698631975,
            -0.03808604984364454
        ]
    }    
}